[["{\"id\":\"016a6689-ba89-4a09-aa75-15d7835bfb26\",\"type\":0,\"battery\":100,\"loaded\":false,\"speed\":{\"empty\":10,\"loaded\":17},\"carryingCapacity\":3000,\"location\":[23.33892880447855,42.721305110858346],\"batteryDrownRateEmpty\":1,\"batteryDrownRateLoaded\":2}",42.721305110858346,23.33892880447855],["{\"id\":\"c10b18c8-08b4-4a0a-a556-4282d0e886d4\",\"type\":0,\"battery\":100,\"loaded\":false,\"speed\":{\"empty\":10,\"loaded\":17},\"carryingCapacity\":3000,\"location\":[23.28749692819218,42.691345301281935],\"batteryDrownRateEmpty\":1,\"batteryDrownRateLoaded\":2}",42.691345301281935,23.28749692819218],["{\"id\":\"d9730380-071c-4fa9-a88e-0b462de8bf5f\",\"type\":0,\"battery\":100,\"loaded\":false,\"speed\":{\"empty\":10,\"loaded\":17},\"carryingCapacity\":3000,\"location\":[23.402328935186116,42.71110938979886],\"batteryDrownRateEmpty\":1,\"batteryDrownRateLoaded\":2}",42.71110938979886,23.402328935186116],["{\"id\":\"f4ca3a7a-d3aa-4d33-873d-840035162325\",\"type\":0,\"battery\":100,\"loaded\":false,\"speed\":{\"empty\":10,\"loaded\":17},\"carryingCapacity\":3000,\"location\":[23.388789270007102,42.640808023303144],\"batteryDrownRateEmpty\":1,\"batteryDrownRateLoaded\":2}",42.640808023303144,23.388789270007102],["{\"id\":\"95066332-7048-4eed-95d5-aa0635ce3703\",\"type\":0,\"battery\":100,\"loaded\":false,\"speed\":{\"empty\":10,\"loaded\":17},\"carryingCapacity\":3000,\"location\":[23.375135689412435,42.64027207301351],\"batteryDrownRateEmpty\":1,\"batteryDrownRateLoaded\":2}",42.64027207301351,23.375135689412435],["{\"id\":\"3e4510a9-7af6-41dc-bbaf-d293d2d0665c\",\"type\":0,\"battery\":100,\"loaded\":false,\"speed\":{\"empty\":10,\"loaded\":17},\"carryingCapacity\":3000,\"location\":[23.362641504635747,42.7245892351813],\"batteryDrownRateEmpty\":1,\"batteryDrownRateLoaded\":2}",42.7245892351813,23.362641504635747],["{\"id\":\"1ef9e594-84be-41bf-b135-d55e814866bf\",\"type\":0,\"battery\":100,\"loaded\":false,\"speed\":{\"empty\":10,\"loaded\":17},\"carryingCapacity\":3000,\"location\":[23.337828756307722,42.75338705900246],\"batteryDrownRateEmpty\":1,\"batteryDrownRateLoaded\":2}",42.75338705900246,23.337828756307722],["{\"id\":\"5c0e797c-c42d-486d-ae86-a627884cf1c3\",\"type\":0,\"battery\":100,\"loaded\":false,\"speed\":{\"empty\":10,\"loaded\":17},\"carryingCapacity\":3000,\"location\":[23.275566682118747,42.671746704003354],\"batteryDrownRateEmpty\":1,\"batteryDrownRateLoaded\":2}",42.671746704003354,23.275566682118747],["{\"id\":\"543c27e9-ca92-4ef4-ad7c-e53f96775fc0\",\"type\":0,\"battery\":100,\"loaded\":false,\"speed\":{\"empty\":10,\"loaded\":17},\"carryingCapacity\":3000,\"location\":[23.33068817854767,42.666918890080545],\"batteryDrownRateEmpty\":1,\"batteryDrownRateLoaded\":2}",42.666918890080545,23.33068817854767],["{\"id\":\"c4adfed5-453e-452d-b5d0-299e39d0b581\",\"type\":0,\"battery\":100,\"loaded\":false,\"speed\":{\"empty\":10,\"loaded\":17},\"carryingCapacity\":3000,\"location\":[23.337835586628707,42.666547543756856],\"batteryDrownRateEmpty\":1,\"batteryDrownRateLoaded\":2}",42.666547543756856,23.337835586628707],["{\"id\":\"582567bb-d282-4207-85fb-afc1104f4625\",\"type\":0,\"battery\":100,\"loaded\":false,\"speed\":{\"empty\":10,\"loaded\":17},\"carryingCapacity\":3000,\"location\":[23.325130328468813,42.69512021447733],\"batteryDrownRateEmpty\":1,\"batteryDrownRateLoaded\":2}",42.69512021447733,23.325130328468813],["{\"id\":\"d9cc1eff-01f3-4ac7-9741-ed1340cb9eb3\",\"type\":0,\"battery\":100,\"loaded\":false,\"speed\":{\"empty\":10,\"loaded\":17},\"carryingCapacity\":3000,\"location\":[23.281031955991377,42.66852825176946],\"batteryDrownRateEmpty\":1,\"batteryDrownRateLoaded\":2}",42.66852825176946,23.281031955991377],["{\"id\":\"401f4036-6ad4-4620-b973-265cb512e716\",\"type\":0,\"battery\":100,\"loaded\":false,\"speed\":{\"empty\":10,\"loaded\":17},\"carryingCapacity\":3000,\"location\":[23.352904063158693,42.734519415757866],\"batteryDrownRateEmpty\":1,\"batteryDrownRateLoaded\":2}",42.734519415757866,23.352904063158693],["{\"id\":\"295a7837-aba9-4897-9be4-a282fb7422bc\",\"type\":0,\"battery\":100,\"loaded\":false,\"speed\":{\"empty\":10,\"loaded\":17},\"carryingCapacity\":3000,\"location\":[23.319272293968737,42.72738026325119],\"batteryDrownRateEmpty\":1,\"batteryDrownRateLoaded\":2}",42.72738026325119,23.319272293968737],["{\"id\":\"6e31f0c9-a724-4012-a755-b05344152573\",\"type\":0,\"battery\":100,\"loaded\":false,\"speed\":{\"empty\":10,\"loaded\":17},\"carryingCapacity\":3000,\"location\":[23.412354014210436,42.67834472956418],\"batteryDrownRateEmpty\":1,\"batteryDrownRateLoaded\":2}",42.67834472956418,23.412354014210436],["{\"id\":\"d5a43a15-fa4d-443b-b9a0-22155bca5704\",\"type\":0,\"battery\":100,\"loaded\":false,\"speed\":{\"empty\":10,\"loaded\":17},\"carryingCapacity\":3000,\"location\":[23.353661556919725,42.68600282210943],\"batteryDrownRateEmpty\":1,\"batteryDrownRateLoaded\":2}",42.68600282210943,23.353661556919725],["{\"id\":\"46f171d4-a511-489a-b556-9a2835c38ba2\",\"type\":0,\"battery\":100,\"loaded\":false,\"speed\":{\"empty\":10,\"loaded\":17},\"carryingCapacity\":3000,\"location\":[23.22187207454294,42.73326543120405],\"batteryDrownRateEmpty\":1,\"batteryDrownRateLoaded\":2}",42.73326543120405,23.22187207454294],["{\"id\":\"c4052afe-7543-4eed-8013-d592c0ae5e9f\",\"type\":0,\"battery\":100,\"loaded\":false,\"speed\":{\"empty\":10,\"loaded\":17},\"carryingCapacity\":3000,\"location\":[23.369451387880325,42.623327777805905],\"batteryDrownRateEmpty\":1,\"batteryDrownRateLoaded\":2}",42.623327777805905,23.369451387880325],["{\"id\":\"89c3ef90-f1bb-48a2-a26b-ac300f10de59\",\"type\":0,\"battery\":100,\"loaded\":false,\"speed\":{\"empty\":10,\"loaded\":17},\"carryingCapacity\":3000,\"location\":[23.319568055025762,42.674615102543584],\"batteryDrownRateEmpty\":1,\"batteryDrownRateLoaded\":2}",42.674615102543584,23.319568055025762],["{\"id\":\"b1cdb705-c230-475f-bf21-c5afdacd7153\",\"type\":0,\"battery\":100,\"loaded\":false,\"speed\":{\"empty\":10,\"loaded\":17},\"carryingCapacity\":3000,\"location\":[23.33409939587987,42.754014273784804],\"batteryDrownRateEmpty\":1,\"batteryDrownRateLoaded\":2}",42.754014273784804,23.33409939587987],["{\"id\":\"1a5c37ec-375f-47c8-98c3-71ff59833e1d\",\"type\":0,\"battery\":100,\"loaded\":false,\"speed\":{\"empty\":10,\"loaded\":17},\"carryingCapacity\":3000,\"location\":[23.350564522315114,42.71126038233297],\"batteryDrownRateEmpty\":1,\"batteryDrownRateLoaded\":2}",42.71126038233297,23.350564522315114],["{\"id\":\"23918f08-571d-4bb6-9c66-4b3cae0fa399\",\"type\":0,\"battery\":100,\"loaded\":false,\"speed\":{\"empty\":10,\"loaded\":17},\"carryingCapacity\":3000,\"location\":[23.303425287925716,42.77611992724153],\"batteryDrownRateEmpty\":1,\"batteryDrownRateLoaded\":2}",42.77611992724153,23.303425287925716],["{\"id\":\"6bb4de3d-5c97-4dbd-941b-698f162f77e0\",\"type\":0,\"battery\":100,\"loaded\":false,\"speed\":{\"empty\":10,\"loaded\":17},\"carryingCapacity\":3000,\"location\":[23.387505012332063,42.67312645402007],\"batteryDrownRateEmpty\":1,\"batteryDrownRateLoaded\":2}",42.67312645402007,23.387505012332063],["{\"id\":\"c15d80f9-520d-4849-8e5a-2975f4e83593\",\"type\":0,\"battery\":100,\"loaded\":false,\"speed\":{\"empty\":10,\"loaded\":17},\"carryingCapacity\":3000,\"location\":[23.402973192652823,42.70935739687569],\"batteryDrownRateEmpty\":1,\"batteryDrownRateLoaded\":2}",42.70935739687569,23.402973192652823],["{\"id\":\"a19d1853-d56e-4944-be67-aad6fe618a8a\",\"type\":0,\"battery\":100,\"loaded\":false,\"speed\":{\"empty\":10,\"loaded\":17},\"carryingCapacity\":3000,\"location\":[23.308068087597825,42.76199170359237],\"batteryDrownRateEmpty\":1,\"batteryDrownRateLoaded\":2}",42.76199170359237,23.308068087597825],["{\"id\":\"beba09ef-a5ee-4171-bebb-e7ea82ea672c\",\"type\":0,\"battery\":100,\"loaded\":false,\"speed\":{\"empty\":10,\"loaded\":17},\"carryingCapacity\":3000,\"location\":[23.394193602173928,42.64282603786981],\"batteryDrownRateEmpty\":1,\"batteryDrownRateLoaded\":2}",42.64282603786981,23.394193602173928],["{\"id\":\"bebcfe47-6ab4-465e-8504-6b3323f98023\",\"type\":0,\"battery\":100,\"loaded\":false,\"speed\":{\"empty\":10,\"loaded\":17},\"carryingCapacity\":3000,\"location\":[23.367610770206728,42.66814418726057],\"batteryDrownRateEmpty\":1,\"batteryDrownRateLoaded\":2}",42.66814418726057,23.367610770206728],["{\"id\":\"41f71b5d-b41b-4e1f-898b-6f9e595a6de3\",\"type\":0,\"battery\":100,\"loaded\":false,\"speed\":{\"empty\":10,\"loaded\":17},\"carryingCapacity\":3000,\"location\":[23.22774691071654,42.7179690462387],\"batteryDrownRateEmpty\":1,\"batteryDrownRateLoaded\":2}",42.7179690462387,23.22774691071654],["{\"id\":\"4449fe84-6cec-4abf-a256-6ca6126e3000\",\"type\":0,\"battery\":100,\"loaded\":false,\"speed\":{\"empty\":10,\"loaded\":17},\"carryingCapacity\":3000,\"location\":[23.35632590062675,42.63756036008757],\"batteryDrownRateEmpty\":1,\"batteryDrownRateLoaded\":2}",42.63756036008757,23.35632590062675],["{\"id\":\"0ba171c5-85e5-4fd7-b810-e8b948568794\",\"type\":0,\"battery\":100,\"loaded\":false,\"speed\":{\"empty\":10,\"loaded\":17},\"carryingCapacity\":3000,\"location\":[23.302104946137202,42.646023037135826],\"batteryDrownRateEmpty\":1,\"batteryDrownRateLoaded\":2}",42.646023037135826,23.302104946137202],["{\"id\":\"5769b02c-a36e-4a5d-aebb-fbb83b793dd9\",\"type\":0,\"battery\":100,\"loaded\":false,\"speed\":{\"empty\":10,\"loaded\":17},\"carryingCapacity\":3000,\"location\":[23.199424911442428,42.725764361233516],\"batteryDrownRateEmpty\":1,\"batteryDrownRateLoaded\":2}",42.725764361233516,23.199424911442428],["{\"id\":\"6dfb4332-f626-4aa0-90db-ae2b404a41f1\",\"type\":0,\"battery\":100,\"loaded\":false,\"speed\":{\"empty\":10,\"loaded\":17},\"carryingCapacity\":3000,\"location\":[23.31679870125384,42.676651244370596],\"batteryDrownRateEmpty\":1,\"batteryDrownRateLoaded\":2}",42.676651244370596,23.31679870125384],["{\"id\":\"3a92f101-15ea-4e69-8673-ca93cd5358ad\",\"type\":0,\"battery\":100,\"loaded\":false,\"speed\":{\"empty\":10,\"loaded\":17},\"carryingCapacity\":3000,\"location\":[23.35612343743997,42.69703381034815],\"batteryDrownRateEmpty\":1,\"batteryDrownRateLoaded\":2}",42.69703381034815,23.35612343743997]]